"HITId","HITTypeId","Title","Description","Keywords","Reward","CreationTime","MaxAssignments","RequesterAnnotation","AssignmentDurationInSeconds","AutoApprovalDelayInSeconds","Expiration","NumberOfSimilarHITs","LifetimeInSeconds","AssignmentId","WorkerId","AssignmentStatus","AcceptTime","SubmitTime","AutoApprovalTime","ApprovalTime","RejectionTime","RequesterFeedback","WorkTimeInSeconds","LifetimeApprovalRate","Last30DaysApprovalRate","Last7DaysApprovalRate","Input.audio_link","Answer.Acc","Answer.Nat","Answer.surveycode","Approve","Reject"
"3W3RSPVVGSVAOVW3MZV3MGC12D5ULM","3BXXHBDE9F8DPQ70QRLE2DJQVLSELG","Listen to Russian audio and rate quality","Listen to computer-generated, Russian speech and rate the quality. You MUST know Russian to participate.","audio, listen, speech, computer, Russian","$0.10","Sat Mar 17 23:40:13 PDT 2018","42","BatchId:3157887;OriginalHitTemplateId:920937332;","600","86400","Sun Mar 25 22:43:34 PDT 2018","","","3FIUS151DW6EJ5F1H5E7TT1NY04GG1","AZ0KS5UTO3EJ2","Rejected","Sun Mar 18 05:50:35 PDT 2018","Sun Mar 18 05:51:39 PDT 2018","Mon Mar 19 05:51:39 PDT 2018","","Sun Mar 18 22:43:36 PDT 2018","The test audio was transcribed instead of the reference audio.  The distinction between the two was made clearly in the directions.  I'm sorry for having to reject this work.  Feel free to try again.","64","0% (0/78)","0% (0/78)","0% (0/78)","https://clyp.it/y2iun1lj","5","5","I do not know any of them."
"3W3RSPVVGSVAOVW3MZV3MGC12D5ULM","3BXXHBDE9F8DPQ70QRLE2DJQVLSELG","Listen to Russian audio and rate quality","Listen to computer-generated, Russian speech and rate the quality. You MUST know Russian to participate.","audio, listen, speech, computer, Russian","$0.10","Sat Mar 17 23:40:13 PDT 2018","42","BatchId:3157887;OriginalHitTemplateId:920937332;","600","86400","Sun Mar 25 22:43:34 PDT 2018","","","3SUWZRL0MZHE2YU4ZXFXHZ3MR7E6E2","A36JHK3Q29Q1YM","Rejected","Sun Mar 18 20:50:21 PDT 2018","Sun Mar 18 20:50:51 PDT 2018","Mon Mar 19 20:50:51 PDT 2018","","Sun Mar 18 22:43:34 PDT 2018","The test audio was transcribed instead of the reference audio.  The distinction between the two was made clearly in the directions.  I'm sorry for having to reject this work.  Feel free to try again.","30","0% (0/5)","0% (0/5)","0% (0/5)","https://clyp.it/y2iun1lj","4","4","Я ни с одной из них не знаком."
"3BC9H1KCYUG7GYS70EZUYCZUW8KWYF","3BXXHBDE9F8DPQ70QRLE2DJQVLSELG","Listen to Russian audio and rate quality","Listen to computer-generated, Russian speech and rate the quality. You MUST know Russian to participate.","audio, listen, speech, computer, Russian","$0.10","Sat Mar 17 23:40:13 PDT 2018","42","BatchId:3157887;OriginalHitTemplateId:920937332;","600","86400","Sun Mar 25 22:43:35 PDT 2018","","","34BBWHLWHBFOCIBWMYIS080R72DWI1","A36JHK3Q29Q1YM","Rejected","Sun Mar 18 20:51:54 PDT 2018","Sun Mar 18 20:52:58 PDT 2018","Mon Mar 19 20:52:58 PDT 2018","","Sun Mar 18 22:43:34 PDT 2018","The test audio was transcribed instead of the reference audio.  The distinction between the two was made clearly in the directions.  I'm sorry for having to reject this work.  Feel free to try again.","64","0% (0/5)","0% (0/5)","0% (0/5)","https://clyp.it/fwofnnfd","4","2","Я боюсь, что в моём переводе первоначальный смысл частично утратился."
"3BC9H1KCYUG7GYS70EZUYCZUW8KWYF","3BXXHBDE9F8DPQ70QRLE2DJQVLSELG","Listen to Russian audio and rate quality","Listen to computer-generated, Russian speech and rate the quality. You MUST know Russian to participate.","audio, listen, speech, computer, Russian","$0.10","Sat Mar 17 23:40:13 PDT 2018","42","BatchId:3157887;OriginalHitTemplateId:920937332;","600","86400","Sun Mar 25 22:43:35 PDT 2018","","","3IQ1VMJRYUOYU4FQHZGN5Q4XWSW9AR","AZ0KS5UTO3EJ2","Rejected","Sun Mar 18 05:48:39 PDT 2018","Sun Mar 18 05:49:38 PDT 2018","Mon Mar 19 05:49:38 PDT 2018","","Sun Mar 18 22:43:36 PDT 2018","The test audio was transcribed instead of the reference audio.  The distinction between the two was made clearly in the directions.  I'm sorry for having to reject this work.  Feel free to try again.","59","0% (0/78)","0% (0/78)","0% (0/78)","https://clyp.it/fwofnnfd","5","5","I am afraid that in my translation the original meaning was partially lost."
"3BC9H1KCYUG7GYS70EZUYCZUW8KWYF","3BXXHBDE9F8DPQ70QRLE2DJQVLSELG","Listen to Russian audio and rate quality","Listen to computer-generated, Russian speech and rate the quality. You MUST know Russian to participate.","audio, listen, speech, computer, Russian","$0.10","Sat Mar 17 23:40:13 PDT 2018","42","BatchId:3157887;OriginalHitTemplateId:920937332;","600","86400","Sun Mar 25 22:43:35 PDT 2018","","","3LUY3GC630413PXZRL00HP2M0OB7PW","A2RAIYFP76TNNQ","Approved","Sun Mar 18 07:09:36 PDT 2018","Sun Mar 18 07:10:50 PDT 2018","Mon Mar 19 07:10:50 PDT 2018","Sun Mar 18 22:41:49 PDT 2018","","","74","100% (25/25)","100% (25/25)","100% (25/25)","https://clyp.it/fwofnnfd","3","2","Я так мало наказывал  Ариель- не было примера чтобы израильское дитя пользовалось такой свободой как он"
"3TX9T2ZCB957LO2CW01DCJ8W22OWZ6","3BXXHBDE9F8DPQ70QRLE2DJQVLSELG","Listen to Russian audio and rate quality","Listen to computer-generated, Russian speech and rate the quality. You MUST know Russian to participate.","audio, listen, speech, computer, Russian","$0.10","Sat Mar 17 23:40:13 PDT 2018","42","BatchId:3157887;OriginalHitTemplateId:920937332;","600","86400","Sun Mar 25 22:43:36 PDT 2018","","","3MYYFCXHJ4BY7PMHM4C6K44K8WQ4GZ","A3HSJESQHHK9WY","Rejected","Sun Mar 18 22:05:05 PDT 2018","Sun Mar 18 22:05:53 PDT 2018","Mon Mar 19 22:05:53 PDT 2018","","Sun Mar 18 22:43:35 PDT 2018","The test audio was transcribed instead of the reference audio.  The distinction between the two was made clearly in the directions.  I'm sorry for having to reject this work.  Feel free to try again.","48","0% (0/83)","0% (0/83)","0% (0/83)","https://clyp.it/4mjkt2vo","4","4","You have three cats"
"3TX9T2ZCB957LO2CW01DCJ8W22OWZ6","3BXXHBDE9F8DPQ70QRLE2DJQVLSELG","Listen to Russian audio and rate quality","Listen to computer-generated, Russian speech and rate the quality. You MUST know Russian to participate.","audio, listen, speech, computer, Russian","$0.10","Sat Mar 17 23:40:13 PDT 2018","42","BatchId:3157887;OriginalHitTemplateId:920937332;","600","86400","Sun Mar 25 22:43:36 PDT 2018","","","3PM8NZGV8ZKGIG459BJNBT5K7D9QXY","AZ0KS5UTO3EJ2","Rejected","Sun Mar 18 06:16:17 PDT 2018","Sun Mar 18 06:16:54 PDT 2018","Mon Mar 19 06:16:54 PDT 2018","","Sun Mar 18 22:43:37 PDT 2018","The test audio was transcribed instead of the reference audio.  The distinction between the two was made clearly in the directions.  I'm sorry for having to reject this work.  Feel free to try again.","37","0% (0/78)","0% (0/78)","0% (0/78)","https://clyp.it/4mjkt2vo","5","5","You have three cats."
"3CIS7GGG65NWIPMB5D8Z9LMHTG4EUJ","3BXXHBDE9F8DPQ70QRLE2DJQVLSELG","Listen to Russian audio and rate quality","Listen to computer-generated, Russian speech and rate the quality. You MUST know Russian to participate.","audio, listen, speech, computer, Russian","$0.10","Sat Mar 17 23:40:13 PDT 2018","41","BatchId:3157887;OriginalHitTemplateId:920937332;","600","86400","Sun Mar 25 22:43:37 PDT 2018","","","3L70J4KAZHQAXUS7TFLPRMNNNDBDAC","AZ0KS5UTO3EJ2","Rejected","Sun Mar 18 06:04:55 PDT 2018","Sun Mar 18 06:05:24 PDT 2018","Mon Mar 19 06:05:24 PDT 2018","","Sun Mar 18 22:43:37 PDT 2018","The test audio was transcribed instead of the reference audio.  The distinction between the two was made clearly in the directions.  I'm sorry for having to reject this work.  Feel free to try again.","29","0% (0/78)","0% (0/78)","0% (0/78)","https://clyp.it/pxs31g3p","5","5","Надеюсь, дождь скоро прекратится."
"3CIS7GGG65NWIPMB5D8Z9LMHTG4EUJ","3BXXHBDE9F8DPQ70QRLE2DJQVLSELG","Listen to Russian audio and rate quality","Listen to computer-generated, Russian speech and rate the quality. You MUST know Russian to participate.","audio, listen, speech, computer, Russian","$0.10","Sat Mar 17 23:40:13 PDT 2018","41","BatchId:3157887;OriginalHitTemplateId:920937332;","600","86400","Sun Mar 25 22:43:37 PDT 2018","","","3LJ7UR74RIH4HH3398P1AODH97IN4U","A2RAIYFP76TNNQ","Approved","Sun Mar 18 06:42:05 PDT 2018","Sun Mar 18 06:42:47 PDT 2018","Mon Mar 19 06:42:47 PDT 2018","Sun Mar 18 22:41:49 PDT 2018","","","42","100% (25/25)","100% (25/25)","100% (25/25)","https://clyp.it/pxs31g3p","4","2","Я так мало наказывал  Ариель- не было примера чтобы израильское дитя пользовалось такой свободой как он"
"3YOAVL4CA0LVCMJSMUVUHRP5I9PZ4N","3BXXHBDE9F8DPQ70QRLE2DJQVLSELG","Listen to Russian audio and rate quality","Listen to computer-generated, Russian speech and rate the quality. You MUST know Russian to participate.","audio, listen, speech, computer, Russian","$0.10","Sat Mar 17 23:40:13 PDT 2018","41","BatchId:3157887;OriginalHitTemplateId:920937332;","600","86400","Sun Mar 25 22:43:38 PDT 2018","","","34T446B1C1I4RPOB1HTLIATSTRO0C9","AZ0KS5UTO3EJ2","Rejected","Sun Mar 18 06:11:57 PDT 2018","Sun Mar 18 06:12:33 PDT 2018","Mon Mar 19 06:12:33 PDT 2018","","Sun Mar 18 22:43:37 PDT 2018","The test audio was transcribed instead of the reference audio.  The distinction between the two was made clearly in the directions.  I'm sorry for having to reject this work.  Feel free to try again.","36","0% (0/78)","0% (0/78)","0% (0/78)","https://clyp.it/0nv3k4sq","5","5","She needs help."
"3UY4PIS8QRPK3Y8QWO1YO6BTWB7N1H","3BXXHBDE9F8DPQ70QRLE2DJQVLSELG","Listen to Russian audio and rate quality","Listen to computer-generated, Russian speech and rate the quality. You MUST know Russian to participate.","audio, listen, speech, computer, Russian","$0.10","Sat Mar 17 23:40:14 PDT 2018","41","BatchId:3157887;OriginalHitTemplateId:920937332;","600","86400","Sun Mar 25 22:43:38 PDT 2018","","","3MX2NQ3YCAYRPUL7PJVKDIATBHTX5Z","A2RAIYFP76TNNQ","Approved","Sun Mar 18 09:29:14 PDT 2018","Sun Mar 18 09:30:07 PDT 2018","Mon Mar 19 09:30:07 PDT 2018","Sun Mar 18 22:41:49 PDT 2018","","","53","100% (25/25)","100% (25/25)","100% (25/25)","https://clyp.it/wj2ef4um","5","4","Я так мало наказывал  Ариель- не было примера чтобы израильское дитя пользовалось такой свободой как он"
"3UY4PIS8QRPK3Y8QWO1YO6BTWB7N1H","3BXXHBDE9F8DPQ70QRLE2DJQVLSELG","Listen to Russian audio and rate quality","Listen to computer-generated, Russian speech and rate the quality. You MUST know Russian to participate.","audio, listen, speech, computer, Russian","$0.10","Sat Mar 17 23:40:14 PDT 2018","41","BatchId:3157887;OriginalHitTemplateId:920937332;","600","86400","Sun Mar 25 22:43:38 PDT 2018","","","3YDGXNSEO0YJEAGZ360ISRNMKCI48M","AZ0KS5UTO3EJ2","Rejected","Sun Mar 18 05:47:05 PDT 2018","Sun Mar 18 05:48:28 PDT 2018","Mon Mar 19 05:48:28 PDT 2018","","Sun Mar 18 22:43:37 PDT 2018","The test audio was transcribed instead of the reference audio.  The distinction between the two was made clearly in the directions.  I'm sorry for having to reject this work.  Feel free to try again.","83","0% (0/78)","0% (0/78)","0% (0/78)","https://clyp.it/wj2ef4um","5","5","Have you ever washed your car?"
"3PKVGQTFIHO282BL1KPOBDRD4T5RY7","3BXXHBDE9F8DPQ70QRLE2DJQVLSELG","Listen to Russian audio and rate quality","Listen to computer-generated, Russian speech and rate the quality. You MUST know Russian to participate.","audio, listen, speech, computer, Russian","$0.10","Sat Mar 17 23:40:14 PDT 2018","41","BatchId:3157887;OriginalHitTemplateId:920937332;","600","86400","Sun Mar 25 22:43:38 PDT 2018","","","386CSBG1O0Q3Z1K98OAXBGS0A9C6QM","A2RAIYFP76TNNQ","Approved","Sun Mar 18 07:01:08 PDT 2018","Sun Mar 18 07:02:19 PDT 2018","Mon Mar 19 07:02:19 PDT 2018","Sun Mar 18 22:41:49 PDT 2018","","","71","100% (25/25)","100% (25/25)","100% (25/25)","https://clyp.it/kdolifpg","5","4","Я так мало наказывал  Ариель- не было примера чтобы израильское дитя пользовалось такой свободой как он"
"3PKVGQTFIHO282BL1KPOBDRD4T5RY7","3BXXHBDE9F8DPQ70QRLE2DJQVLSELG","Listen to Russian audio and rate quality","Listen to computer-generated, Russian speech and rate the quality. You MUST know Russian to participate.","audio, listen, speech, computer, Russian","$0.10","Sat Mar 17 23:40:14 PDT 2018","41","BatchId:3157887;OriginalHitTemplateId:920937332;","600","86400","Sun Mar 25 22:43:38 PDT 2018","","","3NLZY2D53QTLIMNGVSGZ0ZAX04ZLQ7","AZ0KS5UTO3EJ2","Rejected","Sun Mar 18 06:17:40 PDT 2018","Sun Mar 18 06:18:22 PDT 2018","Mon Mar 19 06:18:22 PDT 2018","","Sun Mar 18 22:43:38 PDT 2018","The test audio was transcribed instead of the reference audio.  The distinction between the two was made clearly in the directions.  I'm sorry for having to reject this work.  Feel free to try again.","42","0% (0/78)","0% (0/78)","0% (0/78)","https://clyp.it/kdolifpg","5","5","I walked across China."
"366FYU4PTGTIFTHZBZ4X3YDJRP6KES","3BXXHBDE9F8DPQ70QRLE2DJQVLSELG","Listen to Russian audio and rate quality","Listen to computer-generated, Russian speech and rate the quality. You MUST know Russian to participate.","audio, listen, speech, computer, Russian","$0.10","Sat Mar 17 23:40:14 PDT 2018","41","BatchId:3157887;OriginalHitTemplateId:920937332;","600","86400","Sun Mar 25 22:43:38 PDT 2018","","","3T111IHZ5FUQTL17JA290GT7WWL9R0","A2RAIYFP76TNNQ","Approved","Sun Mar 18 06:38:09 PDT 2018","Sun Mar 18 06:39:40 PDT 2018","Mon Mar 19 06:39:40 PDT 2018","Sun Mar 18 22:41:49 PDT 2018","","","91","100% (25/25)","100% (25/25)","100% (25/25)","https://clyp.it/oz2q514q","3","2","Я так мало наказывал  Ариель- не было примера чтобы израильское дитя пользовалось такой свободой как он"
"366FYU4PTGTIFTHZBZ4X3YDJRP6KES","3BXXHBDE9F8DPQ70QRLE2DJQVLSELG","Listen to Russian audio and rate quality","Listen to computer-generated, Russian speech and rate the quality. You MUST know Russian to participate.","audio, listen, speech, computer, Russian","$0.10","Sat Mar 17 23:40:14 PDT 2018","41","BatchId:3157887;OriginalHitTemplateId:920937332;","600","86400","Sun Mar 25 22:43:38 PDT 2018","","","3W92K5RLWVLZL5GCP4U2PXD8V6EV5N","AZ0KS5UTO3EJ2","Rejected","Sun Mar 18 06:12:34 PDT 2018","Sun Mar 18 06:13:23 PDT 2018","Mon Mar 19 06:13:23 PDT 2018","","Sun Mar 18 22:43:38 PDT 2018","The test audio was transcribed instead of the reference audio.  The distinction between the two was made clearly in the directions.  I'm sorry for having to reject this work.  Feel free to try again.","49","0% (0/78)","0% (0/78)","0% (0/78)","https://clyp.it/oz2q514q","5","5","Did you dive with scuba diving?"
"3O2Y2UIUCQYAL7HV6AO3LGYJ3QLKFA","3BXXHBDE9F8DPQ70QRLE2DJQVLSELG","Listen to Russian audio and rate quality","Listen to computer-generated, Russian speech and rate the quality. You MUST know Russian to participate.","audio, listen, speech, computer, Russian","$0.10","Sat Mar 17 23:40:14 PDT 2018","42","BatchId:3157887;OriginalHitTemplateId:920937332;","600","86400","Sun Mar 25 22:43:37 PDT 2018","","","320DUZ38G8QOA752PBZAQ6T3QSMGJ6","A2RAIYFP76TNNQ","Approved","Sun Mar 18 06:28:45 PDT 2018","Sun Mar 18 06:34:25 PDT 2018","Mon Mar 19 06:34:25 PDT 2018","Sun Mar 18 22:41:49 PDT 2018","","","340","100% (25/25)","100% (25/25)","100% (25/25)","https://clyp.it/kq0fv02d","4","2","Я так мало наказывал  АриелЬ- не было примера чтобы израильское дитя пользовалось такой свободой как он"
"3O2Y2UIUCQYAL7HV6AO3LGYJ3QLKFA","3BXXHBDE9F8DPQ70QRLE2DJQVLSELG","Listen to Russian audio and rate quality","Listen to computer-generated, Russian speech and rate the quality. You MUST know Russian to participate.","audio, listen, speech, computer, Russian","$0.10","Sat Mar 17 23:40:14 PDT 2018","42","BatchId:3157887;OriginalHitTemplateId:920937332;","600","86400","Sun Mar 25 22:43:37 PDT 2018","","","3BXQMRHWK02XGXCICD1JADMB3UVMUF","AZ0KS5UTO3EJ2","Rejected","Sun Mar 18 06:06:13 PDT 2018","Sun Mar 18 06:07:03 PDT 2018","Mon Mar 19 06:07:03 PDT 2018","","Sun Mar 18 22:43:38 PDT 2018","The test audio was transcribed instead of the reference audio.  The distinction between the two was made clearly in the directions.  I'm sorry for having to reject this work.  Feel free to try again.","50","0% (0/78)","0% (0/78)","0% (0/78)","https://clyp.it/kq0fv02d","5","4","Camels can travel hundreds of kilometers in a few days without drinking a drop of water."
"3O2Y2UIUCQYAL7HV6AO3LGYJ3QLKFA","3BXXHBDE9F8DPQ70QRLE2DJQVLSELG","Listen to Russian audio and rate quality","Listen to computer-generated, Russian speech and rate the quality. You MUST know Russian to participate.","audio, listen, speech, computer, Russian","$0.10","Sat Mar 17 23:40:14 PDT 2018","42","BatchId:3157887;OriginalHitTemplateId:920937332;","600","86400","Sun Mar 25 22:43:37 PDT 2018","","","3DHE4R9OCXFO4B7UIQTIRP7MOHV2G0","AH5GP84SZ6DHL","Rejected","Sun Mar 18 01:34:53 PDT 2018","Sun Mar 18 01:35:03 PDT 2018","Mon Mar 19 01:35:03 PDT 2018","","Sun Mar 18 22:43:36 PDT 2018","The test audio was transcribed instead of the reference audio.  The distinction between the two was made clearly in the directions.  I'm sorry for having to reject this work.  Feel free to try again.","10","0% (0/2)","0% (0/2)","0% (0/2)","https://clyp.it/kq0fv02d","4","4","ru ref"
"34XASH8KLQQH286S5PXOCN4RU13PMN","3BXXHBDE9F8DPQ70QRLE2DJQVLSELG","Listen to Russian audio and rate quality","Listen to computer-generated, Russian speech and rate the quality. You MUST know Russian to participate.","audio, listen, speech, computer, Russian","$0.10","Sat Mar 17 23:40:14 PDT 2018","41","BatchId:3157887;OriginalHitTemplateId:920937332;","600","86400","Sun Mar 25 22:43:39 PDT 2018","","","36V4Q8R5ZL45O451V4HE0CPM09PMQA","AZ0KS5UTO3EJ2","Rejected","Sun Mar 18 06:05:25 PDT 2018","Sun Mar 18 06:06:12 PDT 2018","Mon Mar 19 06:06:12 PDT 2018","","Sun Mar 18 22:43:38 PDT 2018","The test audio was transcribed instead of the reference audio.  The distinction between the two was made clearly in the directions.  I'm sorry for having to reject this work.  Feel free to try again.","47","0% (0/78)","0% (0/78)","0% (0/78)","https://clyp.it/5bnobhnk","5","5","Men talk about basketball."
"3GITHABACYPRSJQMFS1CTPLYOHLN2Y","3BXXHBDE9F8DPQ70QRLE2DJQVLSELG","Listen to Russian audio and rate quality","Listen to computer-generated, Russian speech and rate the quality. You MUST know Russian to participate.","audio, listen, speech, computer, Russian","$0.10","Sat Mar 17 23:40:14 PDT 2018","41","BatchId:3157887;OriginalHitTemplateId:920937332;","600","86400","Sun Mar 25 22:43:39 PDT 2018","","","3G2UL9A02EITTJFUCP1RBPB55JI76N","AZ0KS5UTO3EJ2","Rejected","Sun Mar 18 05:56:19 PDT 2018","Sun Mar 18 05:57:10 PDT 2018","Mon Mar 19 05:57:10 PDT 2018","","Sun Mar 18 22:43:39 PDT 2018","The test audio was transcribed instead of the reference audio.  The distinction between the two was made clearly in the directions.  I'm sorry for having to reject this work.  Feel free to try again.","51","0% (0/78)","0% (0/78)","0% (0/78)","https://clyp.it/c4u15r5x","5","5","They are Spaniards."
"33P2GD6NRNWUZ38110C3O1AWJ5YHK5","3BXXHBDE9F8DPQ70QRLE2DJQVLSELG","Listen to Russian audio and rate quality","Listen to computer-generated, Russian speech and rate the quality. You MUST know Russian to participate.","audio, listen, speech, computer, Russian","$0.10","Sat Mar 17 23:40:14 PDT 2018","41","BatchId:3157887;OriginalHitTemplateId:920937332;","600","86400","Sun Mar 25 22:43:39 PDT 2018","","","33FBRBDW6P3M9ETEWL60BPZACP0C88","A2RAIYFP76TNNQ","Approved","Sun Mar 18 06:39:41 PDT 2018","Sun Mar 18 06:44:46 PDT 2018","Mon Mar 19 06:44:46 PDT 2018","Sun Mar 18 22:41:49 PDT 2018","","","305","100% (25/25)","100% (25/25)","100% (25/25)","https://clyp.it/zx4knxrp","2","3","Я так мало наказывал  Ариель- не было примера чтобы израильское дитя пользовалось такой свободой как он"
"33P2GD6NRNWUZ38110C3O1AWJ5YHK5","3BXXHBDE9F8DPQ70QRLE2DJQVLSELG","Listen to Russian audio and rate quality","Listen to computer-generated, Russian speech and rate the quality. You MUST know Russian to participate.","audio, listen, speech, computer, Russian","$0.10","Sat Mar 17 23:40:14 PDT 2018","41","BatchId:3157887;OriginalHitTemplateId:920937332;","600","86400","Sun Mar 25 22:43:39 PDT 2018","","","3ZGVPD4G6ULIFRWCRX13DJWIZK6ZTI","AZ0KS5UTO3EJ2","Rejected","Sun Mar 18 06:08:28 PDT 2018","Sun Mar 18 06:10:08 PDT 2018","Mon Mar 19 06:10:08 PDT 2018","","Sun Mar 18 22:43:39 PDT 2018","The test audio was transcribed instead of the reference audio.  The distinction between the two was made clearly in the directions.  I'm sorry for having to reject this work.  Feel free to try again.","100","0% (0/78)","0% (0/78)","0% (0/78)","https://clyp.it/zx4knxrp","5","5","Do you have a book?"
"3E22YV8GG1ANKQRSHQCOP2TRZRDPNN","3BXXHBDE9F8DPQ70QRLE2DJQVLSELG","Listen to Russian audio and rate quality","Listen to computer-generated, Russian speech and rate the quality. You MUST know Russian to participate.","audio, listen, speech, computer, Russian","$0.10","Sat Mar 17 23:40:14 PDT 2018","41","BatchId:3157887;OriginalHitTemplateId:920937332;","600","86400","Sun Mar 25 22:43:40 PDT 2018","","","39GXDJN2OUII8NZEN2151HNZXWF8V2","AZ0KS5UTO3EJ2","Rejected","Sun Mar 18 05:45:36 PDT 2018","Sun Mar 18 05:46:46 PDT 2018","Mon Mar 19 05:46:46 PDT 2018","","Sun Mar 18 22:43:39 PDT 2018","The test audio was transcribed instead of the reference audio.  The distinction between the two was made clearly in the directions.  I'm sorry for having to reject this work.  Feel free to try again.","70","0% (0/78)","0% (0/78)","0% (0/78)","https://clyp.it/fx5utwmq","5","5","I am bound by a debt of gratitude towards people who help me in understanding."
"3E22YV8GG1ANKQRSHQCOP2TRZRDPNN","3BXXHBDE9F8DPQ70QRLE2DJQVLSELG","Listen to Russian audio and rate quality","Listen to computer-generated, Russian speech and rate the quality. You MUST know Russian to participate.","audio, listen, speech, computer, Russian","$0.10","Sat Mar 17 23:40:14 PDT 2018","41","BatchId:3157887;OriginalHitTemplateId:920937332;","600","86400","Sun Mar 25 22:43:40 PDT 2018","","","3TOK3KHVJUMJIPLYCLNLSPXWQJD7OD","A2RAIYFP76TNNQ","Approved","Sun Mar 18 06:42:50 PDT 2018","Sun Mar 18 06:44:01 PDT 2018","Mon Mar 19 06:44:01 PDT 2018","Sun Mar 18 22:41:49 PDT 2018","","","71","100% (25/25)","100% (25/25)","100% (25/25)","https://clyp.it/fx5utwmq","4","3","Я так мало наказывал  Ариель- не было примера чтобы израильское дитя пользовалось такой свободой как он"
"3E22YV8GG1ANKQRSHQCOP2TRZRDPNN","3BXXHBDE9F8DPQ70QRLE2DJQVLSELG","Listen to Russian audio and rate quality","Listen to computer-generated, Russian speech and rate the quality. You MUST know Russian to participate.","audio, listen, speech, computer, Russian","$0.10","Sat Mar 17 23:40:14 PDT 2018","41","BatchId:3157887;OriginalHitTemplateId:920937332;","600","86400","Sun Mar 25 22:43:40 PDT 2018","","","3U5JL4WY5LD9TBH7BECA8Q4FBL3X4Z","A3760PCQD2MPIO","Approved","Sun Mar 18 12:10:23 PDT 2018","Sun Mar 18 12:12:34 PDT 2018","Mon Mar 19 12:12:34 PDT 2018","Sun Mar 18 22:41:51 PDT 2018","","","131","100% (2/2)","100% (2/2)","100% (2/2)","https://clyp.it/fx5utwmq","4","4","Я так мало наказывал Ариэля. Не было примера, чтобы израильское дитя пользовалось такой свободой, как он."
"375VSR8FVWD2DSLQX6R7PK0FAN9RZY","3BXXHBDE9F8DPQ70QRLE2DJQVLSELG","Listen to Russian audio and rate quality","Listen to computer-generated, Russian speech and rate the quality. You MUST know Russian to participate.","audio, listen, speech, computer, Russian","$0.10","Sat Mar 17 23:40:14 PDT 2018","41","BatchId:3157887;OriginalHitTemplateId:920937332;","600","86400","Sun Mar 25 22:43:40 PDT 2018","","","3N2BF7Y2VRYSBB6YCEUKRYXL9MTMHE","AZ0KS5UTO3EJ2","Rejected","Sun Mar 18 06:03:10 PDT 2018","Sun Mar 18 06:03:54 PDT 2018","Mon Mar 19 06:03:54 PDT 2018","","Sun Mar 18 22:43:39 PDT 2018","The test audio was transcribed instead of the reference audio.  The distinction between the two was made clearly in the directions.  I'm sorry for having to reject this work.  Feel free to try again.","44","0% (0/78)","0% (0/78)","0% (0/78)","https://clyp.it/5gmil4v2","5","5","Will you help me with my homework in English?"
"3FDWKV9VCN6UUDEOMBWIMTRQ2IVUMO","3BXXHBDE9F8DPQ70QRLE2DJQVLSELG","Listen to Russian audio and rate quality","Listen to computer-generated, Russian speech and rate the quality. You MUST know Russian to participate.","audio, listen, speech, computer, Russian","$0.10","Sat Mar 17 23:40:14 PDT 2018","41","BatchId:3157887;OriginalHitTemplateId:920937332;","600","86400","Sun Mar 25 22:43:40 PDT 2018","","","34X6J5FLPU2FNWZGS74MKKX5WFVJQ4","A2RAIYFP76TNNQ","Approved","Sun Mar 18 06:36:44 PDT 2018","Sun Mar 18 06:38:09 PDT 2018","Mon Mar 19 06:38:09 PDT 2018","Sun Mar 18 22:41:49 PDT 2018","","","85","100% (25/25)","100% (25/25)","100% (25/25)","https://clyp.it/4oencc4s","4","4","Я так мало наказывал  Ариель- не было примера чтобы израильское дитя пользовалось такой свободой как он"
"3FDWKV9VCN6UUDEOMBWIMTRQ2IVUMO","3BXXHBDE9F8DPQ70QRLE2DJQVLSELG","Listen to Russian audio and rate quality","Listen to computer-generated, Russian speech and rate the quality. You MUST know Russian to participate.","audio, listen, speech, computer, Russian","$0.10","Sat Mar 17 23:40:14 PDT 2018","41","BatchId:3157887;OriginalHitTemplateId:920937332;","600","86400","Sun Mar 25 22:43:40 PDT 2018","","","352YTHGROWHC7LHS6AUO54GLNV8H4E","AZ0KS5UTO3EJ2","Rejected","Sun Mar 18 05:59:35 PDT 2018","Sun Mar 18 06:00:18 PDT 2018","Mon Mar 19 06:00:18 PDT 2018","","Sun Mar 18 22:43:40 PDT 2018","The test audio was transcribed instead of the reference audio.  The distinction between the two was made clearly in the directions.  I'm sorry for having to reject this work.  Feel free to try again.","43","0% (0/78)","0% (0/78)","0% (0/78)","https://clyp.it/4oencc4s","5","5","At the kitchen knife, to which I had become accustomed for many years, the blade broke off."
"388CL5C1RJR5J9QJM0O431NB853HL8","3BXXHBDE9F8DPQ70QRLE2DJQVLSELG","Listen to Russian audio and rate quality","Listen to computer-generated, Russian speech and rate the quality. You MUST know Russian to participate.","audio, listen, speech, computer, Russian","$0.10","Sat Mar 17 23:40:14 PDT 2018","41","BatchId:3157887;OriginalHitTemplateId:920937332;","600","86400","Sun Mar 25 22:43:40 PDT 2018","","","3KYQYYSHYWBZZYM83YQ7SH7SCUGODN","A2RAIYFP76TNNQ","Approved","Sun Mar 18 06:51:41 PDT 2018","Sun Mar 18 06:52:44 PDT 2018","Mon Mar 19 06:52:44 PDT 2018","Sun Mar 18 22:41:50 PDT 2018","","","63","100% (25/25)","100% (25/25)","100% (25/25)","https://clyp.it/nixaapfu","4","3","Я так мало наказывал  Ариель- не было примера чтобы израильское дитя пользовалось такой свободой как он"
"388CL5C1RJR5J9QJM0O431NB853HL8","3BXXHBDE9F8DPQ70QRLE2DJQVLSELG","Listen to Russian audio and rate quality","Listen to computer-generated, Russian speech and rate the quality. You MUST know Russian to participate.","audio, listen, speech, computer, Russian","$0.10","Sat Mar 17 23:40:14 PDT 2018","41","BatchId:3157887;OriginalHitTemplateId:920937332;","600","86400","Sun Mar 25 22:43:40 PDT 2018","","","3PDJHANYK6KQM8L6PYN3220ZJMEH6Z","AZ0KS5UTO3EJ2","Rejected","Sun Mar 18 06:00:18 PDT 2018","Sun Mar 18 06:01:01 PDT 2018","Mon Mar 19 06:01:01 PDT 2018","","Sun Mar 18 22:43:40 PDT 2018","The test audio was transcribed instead of the reference audio.  The distinction between the two was made clearly in the directions.  I'm sorry for having to reject this work.  Feel free to try again.","43","0% (0/78)","0% (0/78)","0% (0/78)","https://clyp.it/nixaapfu","5","5","Do you like pianoforte?"
"3QGTX7BCHP6D85NS0ZE4MJVJI5KZ5S","3BXXHBDE9F8DPQ70QRLE2DJQVLSELG","Listen to Russian audio and rate quality","Listen to computer-generated, Russian speech and rate the quality. You MUST know Russian to participate.","audio, listen, speech, computer, Russian","$0.10","Sat Mar 17 23:40:14 PDT 2018","41","BatchId:3157887;OriginalHitTemplateId:920937332;","600","86400","Sun Mar 25 22:43:40 PDT 2018","","","31LM9EDVOMWUKZMOCFC5GQ20R47JNG","AZ0KS5UTO3EJ2","Rejected","Sun Mar 18 06:01:38 PDT 2018","Sun Mar 18 06:02:21 PDT 2018","Mon Mar 19 06:02:21 PDT 2018","","Sun Mar 18 22:43:40 PDT 2018","The test audio was transcribed instead of the reference audio.  The distinction between the two was made clearly in the directions.  I'm sorry for having to reject this work.  Feel free to try again.","43","0% (0/78)","0% (0/78)","0% (0/78)","https://clyp.it/r0u52yyy","5","5","It looks like the wind is getting stronger."
"3QGTX7BCHP6D85NS0ZE4MJVJI5KZ5S","3BXXHBDE9F8DPQ70QRLE2DJQVLSELG","Listen to Russian audio and rate quality","Listen to computer-generated, Russian speech and rate the quality. You MUST know Russian to participate.","audio, listen, speech, computer, Russian","$0.10","Sat Mar 17 23:40:14 PDT 2018","41","BatchId:3157887;OriginalHitTemplateId:920937332;","600","86400","Sun Mar 25 22:43:40 PDT 2018","","","3FTYUGLFSVPDROGQYJU8JB71VZBD57","A2RAIYFP76TNNQ","Approved","Sun Mar 18 06:49:13 PDT 2018","Sun Mar 18 06:50:31 PDT 2018","Mon Mar 19 06:50:31 PDT 2018","Sun Mar 18 22:41:50 PDT 2018","","","78","100% (25/25)","100% (25/25)","100% (25/25)","https://clyp.it/r0u52yyy","5","4","Я так мало наказывал  Ариель- не было примера чтобы израильское дитя пользовалось такой свободой как он"
"3PIOQ99R7YQ0CVZOYCBIZ8GQ785UNO","3BXXHBDE9F8DPQ70QRLE2DJQVLSELG","Listen to Russian audio and rate quality","Listen to computer-generated, Russian speech and rate the quality. You MUST know Russian to participate.","audio, listen, speech, computer, Russian","$0.10","Sat Mar 17 23:40:14 PDT 2018","41","BatchId:3157887;OriginalHitTemplateId:920937332;","600","86400","Sun Mar 25 22:43:41 PDT 2018","","","3NAPMVF0ZXJ5BIWTPNPOLCUTPEG726","AZ0KS5UTO3EJ2","Rejected","Sun Mar 18 05:55:34 PDT 2018","Sun Mar 18 05:56:19 PDT 2018","Mon Mar 19 05:56:19 PDT 2018","","Sun Mar 18 22:43:40 PDT 2018","The test audio was transcribed instead of the reference audio.  The distinction between the two was made clearly in the directions.  I'm sorry for having to reject this work.  Feel free to try again.","45","0% (0/78)","0% (0/78)","0% (0/78)","https://clyp.it/pqukji3z","5","5","It is pointless."
"3KL228NDMVQGZ7DQHUUL31YV45LKG9","3BXXHBDE9F8DPQ70QRLE2DJQVLSELG","Listen to Russian audio and rate quality","Listen to computer-generated, Russian speech and rate the quality. You MUST know Russian to participate.","audio, listen, speech, computer, Russian","$0.10","Sat Mar 17 23:40:14 PDT 2018","41","BatchId:3157887;OriginalHitTemplateId:920937332;","600","86400","Sun Mar 25 22:43:41 PDT 2018","","","32VNZTT0A88PWFVV2F6IJ8IRA464RY","AZ0KS5UTO3EJ2","Rejected","Sun Mar 18 05:51:39 PDT 2018","Sun Mar 18 05:52:39 PDT 2018","Mon Mar 19 05:52:39 PDT 2018","","Sun Mar 18 22:43:41 PDT 2018","The test audio was transcribed instead of the reference audio.  The distinction between the two was made clearly in the directions.  I'm sorry for having to reject this work.  Feel free to try again.","60","0% (0/78)","0% (0/78)","0% (0/78)","https://clyp.it/w15iey11","5","5","come on"
"33P2GD6NRNWUZ38110C3O1AWJ5YKH8","3BXXHBDE9F8DPQ70QRLE2DJQVLSELG","Listen to Russian audio and rate quality","Listen to computer-generated, Russian speech and rate the quality. You MUST know Russian to participate.","audio, listen, speech, computer, Russian","$0.10","Sat Mar 17 23:40:14 PDT 2018","41","BatchId:3157887;OriginalHitTemplateId:920937332;","600","86400","Sun Mar 25 22:43:41 PDT 2018","","","3EKVH9QMEZ8LSRX3G0SAL44PBPJ2DU","AZ0KS5UTO3EJ2","Rejected","Sun Mar 18 05:58:49 PDT 2018","Sun Mar 18 05:59:35 PDT 2018","Mon Mar 19 05:59:35 PDT 2018","","Sun Mar 18 22:43:41 PDT 2018","The test audio was transcribed instead of the reference audio.  The distinction between the two was made clearly in the directions.  I'm sorry for having to reject this work.  Feel free to try again.","46","0% (0/78)","0% (0/78)","0% (0/78)","https://clyp.it/o3hl0nmc","5","5","He traveled all over the world."
"33P2GD6NRNWUZ38110C3O1AWJ5YKH8","3BXXHBDE9F8DPQ70QRLE2DJQVLSELG","Listen to Russian audio and rate quality","Listen to computer-generated, Russian speech and rate the quality. You MUST know Russian to participate.","audio, listen, speech, computer, Russian","$0.10","Sat Mar 17 23:40:14 PDT 2018","41","BatchId:3157887;OriginalHitTemplateId:920937332;","600","86400","Sun Mar 25 22:43:41 PDT 2018","","","3QY5DC2MXSORANK1QQX6FN226TKUFH","A2RAIYFP76TNNQ","Approved","Sun Mar 18 06:48:08 PDT 2018","Sun Mar 18 06:49:13 PDT 2018","Mon Mar 19 06:49:13 PDT 2018","Sun Mar 18 22:41:50 PDT 2018","","","65","100% (25/25)","100% (25/25)","100% (25/25)","https://clyp.it/o3hl0nmc","4","4","Я так мало наказывал  Ариель- не было примера чтобы израильское дитя пользовалось такой свободой как он"
"3RIHDBQ1NE2PPR84MCPJ3E208ATHMA","3BXXHBDE9F8DPQ70QRLE2DJQVLSELG","Listen to Russian audio and rate quality","Listen to computer-generated, Russian speech and rate the quality. You MUST know Russian to participate.","audio, listen, speech, computer, Russian","$0.10","Sat Mar 17 23:40:14 PDT 2018","43","BatchId:3157887;OriginalHitTemplateId:920937332;","600","86400","Sun Mar 25 22:43:35 PDT 2018","","","3B2X28YI3XJGVVIKP6D7GRX1OA1B67","A36JHK3Q29Q1YM","Rejected","Sun Mar 18 20:46:57 PDT 2018","Sun Mar 18 20:49:14 PDT 2018","Mon Mar 19 20:49:14 PDT 2018","","Sun Mar 18 22:43:34 PDT 2018","The test audio was transcribed instead of the reference audio.  The distinction between the two was made clearly in the directions.  I'm sorry for having to reject this work.  Feel free to try again.","137","0% (0/5)","0% (0/5)","0% (0/5)","https://clyp.it/mfahuplv","3","2","1. Я ни с одной из них не знаком."
"3RIHDBQ1NE2PPR84MCPJ3E208ATHMA","3BXXHBDE9F8DPQ70QRLE2DJQVLSELG","Listen to Russian audio and rate quality","Listen to computer-generated, Russian speech and rate the quality. You MUST know Russian to participate.","audio, listen, speech, computer, Russian","$0.10","Sat Mar 17 23:40:14 PDT 2018","43","BatchId:3157887;OriginalHitTemplateId:920937332;","600","86400","Sun Mar 25 22:43:35 PDT 2018","","","3BC8WZX3V40WXLXTDR2VR1T12JKRR0","A3HSJESQHHK9WY","Rejected","Sun Mar 18 22:05:58 PDT 2018","Sun Mar 18 22:06:33 PDT 2018","Mon Mar 19 22:06:33 PDT 2018","","Sun Mar 18 22:43:35 PDT 2018","The test audio was transcribed instead of the reference audio.  The distinction between the two was made clearly in the directions.  I'm sorry for having to reject this work.  Feel free to try again.","35","0% (0/83)","0% (0/83)","0% (0/83)","https://clyp.it/mfahuplv","4","4","I do not know any of them."
"3RIHDBQ1NE2PPR84MCPJ3E208ATHMA","3BXXHBDE9F8DPQ70QRLE2DJQVLSELG","Listen to Russian audio and rate quality","Listen to computer-generated, Russian speech and rate the quality. You MUST know Russian to participate.","audio, listen, speech, computer, Russian","$0.10","Sat Mar 17 23:40:14 PDT 2018","43","BatchId:3157887;OriginalHitTemplateId:920937332;","600","86400","Sun Mar 25 22:43:35 PDT 2018","","","3WMOAN2SRC13BUMIT4QOJEDUMRENV5","AZ0KS5UTO3EJ2","Rejected","Sun Mar 18 06:13:23 PDT 2018","Sun Mar 18 06:14:08 PDT 2018","Mon Mar 19 06:14:08 PDT 2018","","Sun Mar 18 22:43:41 PDT 2018","The test audio was transcribed instead of the reference audio.  The distinction between the two was made clearly in the directions.  I'm sorry for having to reject this work.  Feel free to try again.","45","0% (0/78)","0% (0/78)","0% (0/78)","https://clyp.it/mfahuplv","5","4","I do not know any of them."
"34YWR3PJ28EP831C2BK783JHTXBX08","3BXXHBDE9F8DPQ70QRLE2DJQVLSELG","Listen to Russian audio and rate quality","Listen to computer-generated, Russian speech and rate the quality. You MUST know Russian to participate.","audio, listen, speech, computer, Russian","$0.10","Sat Mar 17 23:40:14 PDT 2018","41","BatchId:3157887;OriginalHitTemplateId:920937332;","600","86400","Sun Mar 25 22:43:36 PDT 2018","","","3IAS3U3I0GKSDUZJ2414QEGP8522BK","A3HSJESQHHK9WY","Rejected","Sun Mar 18 22:04:05 PDT 2018","Sun Mar 18 22:05:00 PDT 2018","Mon Mar 19 22:05:00 PDT 2018","","Sun Mar 18 22:43:36 PDT 2018","The test audio was transcribed instead of the reference audio.  The distinction between the two was made clearly in the directions.  I'm sorry for having to reject this work.  Feel free to try again.","55","0% (0/83)","0% (0/83)","0% (0/83)","https://clyp.it/4art32e3","4","3","I'm afraid that in my translation the original meaning was partially lost."
"3UAU495MIIWIUGZ0ZRBVEXGVXIAUO3","3BXXHBDE9F8DPQ70QRLE2DJQVLSELG","Listen to Russian audio and rate quality","Listen to computer-generated, Russian speech and rate the quality. You MUST know Russian to participate.","audio, listen, speech, computer, Russian","$0.10","Sat Mar 17 23:40:14 PDT 2018","41","BatchId:3157887;OriginalHitTemplateId:920937332;","600","86400","Sun Mar 25 22:43:42 PDT 2018","","","3NJM2BJS4XA7F6SVI28BXBU01ZZCPR","AZ0KS5UTO3EJ2","Rejected","Sun Mar 18 05:58:08 PDT 2018","Sun Mar 18 05:58:49 PDT 2018","Mon Mar 19 05:58:49 PDT 2018","","Sun Mar 18 22:43:41 PDT 2018","The test audio was transcribed instead of the reference audio.  The distinction between the two was made clearly in the directions.  I'm sorry for having to reject this work.  Feel free to try again.","41","0% (0/78)","0% (0/78)","0% (0/78)","https://clyp.it/vlcqqnr3","5","5","You have three cats."
"3UAU495MIIWIUGZ0ZRBVEXGVXIAUO3","3BXXHBDE9F8DPQ70QRLE2DJQVLSELG","Listen to Russian audio and rate quality","Listen to computer-generated, Russian speech and rate the quality. You MUST know Russian to participate.","audio, listen, speech, computer, Russian","$0.10","Sat Mar 17 23:40:14 PDT 2018","41","BatchId:3157887;OriginalHitTemplateId:920937332;","600","86400","Sun Mar 25 22:43:42 PDT 2018","","","3XC1O3LBOTQYA2F8CWAU54LKKBZTLU","A2RAIYFP76TNNQ","Approved","Sun Mar 18 06:56:06 PDT 2018","Sun Mar 18 06:57:16 PDT 2018","Mon Mar 19 06:57:16 PDT 2018","Sun Mar 18 22:41:50 PDT 2018","","","70","100% (25/25)","100% (25/25)","100% (25/25)","https://clyp.it/vlcqqnr3","4","2","Я так мало наказывал  Ариель- не было примера чтобы израильское дитя пользовалось такой свободой как он"
"37PGLWGSJTAUVYJL7IUOODBBJIDKI1","3BXXHBDE9F8DPQ70QRLE2DJQVLSELG","Listen to Russian audio and rate quality","Listen to computer-generated, Russian speech and rate the quality. You MUST know Russian to participate.","audio, listen, speech, computer, Russian","$0.10","Sat Mar 17 23:40:14 PDT 2018","41","BatchId:3157887;OriginalHitTemplateId:920937332;","600","86400","Sun Mar 25 22:43:42 PDT 2018","","","3WAKVUDHUXKEVU5V87ZURVPL8507UP","AZ0KS5UTO3EJ2","Rejected","Sun Mar 18 06:03:54 PDT 2018","Sun Mar 18 06:04:54 PDT 2018","Mon Mar 19 06:04:54 PDT 2018","","Sun Mar 18 22:43:41 PDT 2018","The test audio was transcribed instead of the reference audio.  The distinction between the two was made clearly in the directions.  I'm sorry for having to reject this work.  Feel free to try again.","60","0% (0/78)","0% (0/78)","0% (0/78)","https://clyp.it/cagk5yqt","5","4","I hope the rain will soon cease."
"3MG8450X2OE0FGB1EROA3XLL7N6UPK","3BXXHBDE9F8DPQ70QRLE2DJQVLSELG","Listen to Russian audio and rate quality","Listen to computer-generated, Russian speech and rate the quality. You MUST know Russian to participate.","audio, listen, speech, computer, Russian","$0.10","Sat Mar 17 23:40:14 PDT 2018","41","BatchId:3157887;OriginalHitTemplateId:920937332;","600","86400","Sun Mar 25 22:43:42 PDT 2018","","","340UGXU9DZ5G6K6RQ52AX95OUN7UV4","AZ0KS5UTO3EJ2","Rejected","Sun Mar 18 06:10:08 PDT 2018","Sun Mar 18 06:10:42 PDT 2018","Mon Mar 19 06:10:42 PDT 2018","","Sun Mar 18 22:43:42 PDT 2018","The test audio was transcribed instead of the reference audio.  The distinction between the two was made clearly in the directions.  I'm sorry for having to reject this work.  Feel free to try again.","34","0% (0/78)","0% (0/78)","0% (0/78)","https://clyp.it/wj4anm1y","5","5","She needs help."
"3MG8450X2OE0FGB1EROA3XLL7N6UPK","3BXXHBDE9F8DPQ70QRLE2DJQVLSELG","Listen to Russian audio and rate quality","Listen to computer-generated, Russian speech and rate the quality. You MUST know Russian to participate.","audio, listen, speech, computer, Russian","$0.10","Sat Mar 17 23:40:14 PDT 2018","41","BatchId:3157887;OriginalHitTemplateId:920937332;","600","86400","Sun Mar 25 22:43:42 PDT 2018","","","3PJ71Z61R5620G2QLGNUUPBUSYS19X","A2RAIYFP76TNNQ","Approved","Sun Mar 18 06:59:35 PDT 2018","Sun Mar 18 07:00:50 PDT 2018","Mon Mar 19 07:00:50 PDT 2018","Sun Mar 18 22:41:50 PDT 2018","","","75","100% (25/25)","100% (25/25)","100% (25/25)","https://clyp.it/wj4anm1y","4","2","Я так мало наказывал  Ариель- не было примера чтобы израильское дитя пользовалось такой свободой как он"
"3JU8CV4BRLG52BR4I5C14RTWP1IPO2","3BXXHBDE9F8DPQ70QRLE2DJQVLSELG","Listen to Russian audio and rate quality","Listen to computer-generated, Russian speech and rate the quality. You MUST know Russian to participate.","audio, listen, speech, computer, Russian","$0.10","Sat Mar 17 23:40:14 PDT 2018","41","BatchId:3157887;OriginalHitTemplateId:920937332;","600","86400","Sun Mar 25 22:43:42 PDT 2018","","","3Y4W8Q93L0OUPIV54ACLN9108NCDVD","AZ0KS5UTO3EJ2","Rejected","Sun Mar 18 05:49:39 PDT 2018","Sun Mar 18 05:50:34 PDT 2018","Mon Mar 19 05:50:34 PDT 2018","","Sun Mar 18 22:43:42 PDT 2018","The test audio was transcribed instead of the reference audio.  The distinction between the two was made clearly in the directions.  I'm sorry for having to reject this work.  Feel free to try again.","55","0% (0/78)","0% (0/78)","0% (0/78)","https://clyp.it/5aempze3","5","4","Have you ever washed your car?"
"3JU8CV4BRLG52BR4I5C14RTWP1IPO2","3BXXHBDE9F8DPQ70QRLE2DJQVLSELG","Listen to Russian audio and rate quality","Listen to computer-generated, Russian speech and rate the quality. You MUST know Russian to participate.","audio, listen, speech, computer, Russian","$0.10","Sat Mar 17 23:40:14 PDT 2018","41","BatchId:3157887;OriginalHitTemplateId:920937332;","600","86400","Sun Mar 25 22:43:42 PDT 2018","","","3ZSANO2JCGBBVASX1L260MKELWZFSM","A2RAIYFP76TNNQ","Approved","Sun Mar 18 06:44:47 PDT 2018","Sun Mar 18 06:45:48 PDT 2018","Mon Mar 19 06:45:48 PDT 2018","Sun Mar 18 22:41:50 PDT 2018","","","61","100% (25/25)","100% (25/25)","100% (25/25)","https://clyp.it/5aempze3","2","1","Я так мало наказывал  Ариель- не было примера чтобы израильское дитя пользовалось такой свободой как он"
"3B0MCRZMBRYNNB35X5PGTRYMZ6EPPJ","3BXXHBDE9F8DPQ70QRLE2DJQVLSELG","Listen to Russian audio and rate quality","Listen to computer-generated, Russian speech and rate the quality. You MUST know Russian to participate.","audio, listen, speech, computer, Russian","$0.10","Sat Mar 17 23:40:14 PDT 2018","42","BatchId:3157887;OriginalHitTemplateId:920937332;","600","86400","Sun Mar 25 22:43:35 PDT 2018","","","3OVR4I9USQNPKEGVP0HIEI8MEI54QY","A2RAIYFP76TNNQ","Approved","Sun Mar 18 06:34:53 PDT 2018","Sun Mar 18 06:36:20 PDT 2018","Mon Mar 19 06:36:20 PDT 2018","Sun Mar 18 22:41:50 PDT 2018","","","87","100% (25/25)","100% (25/25)","100% (25/25)","https://clyp.it/gz3bmvpt","4","2","Я так мало наказывал  АриелЬ- не было примера чтобы израильское дитя пользовалось такой свободой как он"
"3B0MCRZMBRYNNB35X5PGTRYMZ6EPPJ","3BXXHBDE9F8DPQ70QRLE2DJQVLSELG","Listen to Russian audio and rate quality","Listen to computer-generated, Russian speech and rate the quality. You MUST know Russian to participate.","audio, listen, speech, computer, Russian","$0.10","Sat Mar 17 23:40:14 PDT 2018","42","BatchId:3157887;OriginalHitTemplateId:920937332;","600","86400","Sun Mar 25 22:43:35 PDT 2018","","","3RXPCZQMQQFHFQPYZMT4M6XHWCD1GG","A36JHK3Q29Q1YM","Rejected","Sun Mar 18 20:49:31 PDT 2018","Sun Mar 18 20:50:13 PDT 2018","Mon Mar 19 20:50:13 PDT 2018","","Sun Mar 18 22:43:35 PDT 2018","The test audio was transcribed instead of the reference audio.  The distinction between the two was made clearly in the directions.  I'm sorry for having to reject this work.  Feel free to try again.","42","0% (0/5)","0% (0/5)","0% (0/5)","https://clyp.it/gz3bmvpt","4","4","Я прошёл пешком через Китай."
"3B0MCRZMBRYNNB35X5PGTRYMZ6EPPJ","3BXXHBDE9F8DPQ70QRLE2DJQVLSELG","Listen to Russian audio and rate quality","Listen to computer-generated, Russian speech and rate the quality. You MUST know Russian to participate.","audio, listen, speech, computer, Russian","$0.10","Sat Mar 17 23:40:14 PDT 2018","42","BatchId:3157887;OriginalHitTemplateId:920937332;","600","86400","Sun Mar 25 22:43:35 PDT 2018","","","3V5Q80FXIYVNAZV6NBMY8VIDKCU23W","AZ0KS5UTO3EJ2","Rejected","Sun Mar 18 05:57:10 PDT 2018","Sun Mar 18 05:58:07 PDT 2018","Mon Mar 19 05:58:07 PDT 2018","","Sun Mar 18 22:43:42 PDT 2018","The test audio was transcribed instead of the reference audio.  The distinction between the two was made clearly in the directions.  I'm sorry for having to reject this work.  Feel free to try again.","57","0% (0/78)","0% (0/78)","0% (0/78)","https://clyp.it/gz3bmvpt","5","4","I walked across China."
"3N2YPY1GI62WV4BBA3I457O07NDEV8","3BXXHBDE9F8DPQ70QRLE2DJQVLSELG","Listen to Russian audio and rate quality","Listen to computer-generated, Russian speech and rate the quality. You MUST know Russian to participate.","audio, listen, speech, computer, Russian","$0.10","Sat Mar 17 23:40:14 PDT 2018","41","BatchId:3157887;OriginalHitTemplateId:920937332;","600","86400","Sun Mar 25 22:43:43 PDT 2018","","","337RC3OW066DNUJXHRA96M95HWFLV2","A2RAIYFP76TNNQ","Approved","Sun Mar 18 06:53:55 PDT 2018","Sun Mar 18 06:55:08 PDT 2018","Mon Mar 19 06:55:08 PDT 2018","Sun Mar 18 22:41:50 PDT 2018","","","73","100% (25/25)","100% (25/25)","100% (25/25)","https://clyp.it/mao0lmhz","3","1","Я так мало наказывал  Ариель- не было примера чтобы израильское дитя пользовалось такой свободой как он"
"3N2YPY1GI62WV4BBA3I457O07NDEV8","3BXXHBDE9F8DPQ70QRLE2DJQVLSELG","Listen to Russian audio and rate quality","Listen to computer-generated, Russian speech and rate the quality. You MUST know Russian to participate.","audio, listen, speech, computer, Russian","$0.10","Sat Mar 17 23:40:14 PDT 2018","41","BatchId:3157887;OriginalHitTemplateId:920937332;","600","86400","Sun Mar 25 22:43:43 PDT 2018","","","34T446B1C1I4RPOB1HTLIATSTRNC0K","AZ0KS5UTO3EJ2","Rejected","Sun Mar 18 05:52:39 PDT 2018","Sun Mar 18 05:53:32 PDT 2018","Mon Mar 19 05:53:32 PDT 2018","","Sun Mar 18 22:43:42 PDT 2018","The test audio was transcribed instead of the reference audio.  The distinction between the two was made clearly in the directions.  I'm sorry for having to reject this work.  Feel free to try again.","53","0% (0/78)","0% (0/78)","0% (0/78)","https://clyp.it/mao0lmhz","5","4","Did you dive with scuba diving?"
"378G7J1SJL29ATBG0DN0R97EEWFEWI","3BXXHBDE9F8DPQ70QRLE2DJQVLSELG","Listen to Russian audio and rate quality","Listen to computer-generated, Russian speech and rate the quality. You MUST know Russian to participate.","audio, listen, speech, computer, Russian","$0.10","Sat Mar 17 23:40:14 PDT 2018","41","BatchId:3157887;OriginalHitTemplateId:920937332;","600","86400","Sun Mar 25 22:43:43 PDT 2018","","","3B837J3LDP08Y0X6SG20HBYXOKBRSU","ACGU0TY5HGBPI","Approved","Sun Mar 18 07:02:02 PDT 2018","Sun Mar 18 07:05:20 PDT 2018","Mon Mar 19 07:05:20 PDT 2018","Sun Mar 18 22:41:51 PDT 2018","","","198","100% (1/1)","100% (1/1)","100% (1/1)","https://clyp.it/bg3gjmku","4","3","Я так мало наказывал Ариэля. Не было примера, чтобы израильское дитя пользовалось такой свободой, как он."
"378G7J1SJL29ATBG0DN0R97EEWFEWI","3BXXHBDE9F8DPQ70QRLE2DJQVLSELG","Listen to Russian audio and rate quality","Listen to computer-generated, Russian speech and rate the quality. You MUST know Russian to participate.","audio, listen, speech, computer, Russian","$0.10","Sat Mar 17 23:40:14 PDT 2018","41","BatchId:3157887;OriginalHitTemplateId:920937332;","600","86400","Sun Mar 25 22:43:43 PDT 2018","","","3R8YZBNQ9IMM31YERYFPHUSW5KUQ73","AZ0KS5UTO3EJ2","Rejected","Sun Mar 18 06:10:42 PDT 2018","Sun Mar 18 06:11:56 PDT 2018","Mon Mar 19 06:11:56 PDT 2018","","Sun Mar 18 22:43:43 PDT 2018","The test audio was transcribed instead of the reference audio.  The distinction between the two was made clearly in the directions.  I'm sorry for having to reject this work.  Feel free to try again.","74","0% (0/78)","0% (0/78)","0% (0/78)","https://clyp.it/bg3gjmku","5","5","Camels can travel hundreds of kilometers in a few days,"
"33KGGVH24ULPFSMUYUO7M82RYPHX1B","3BXXHBDE9F8DPQ70QRLE2DJQVLSELG","Listen to Russian audio and rate quality","Listen to computer-generated, Russian speech and rate the quality. You MUST know Russian to participate.","audio, listen, speech, computer, Russian","$0.10","Sat Mar 17 23:40:14 PDT 2018","41","BatchId:3157887;OriginalHitTemplateId:920937332;","600","86400","Sun Mar 25 22:43:43 PDT 2018","","","3M23Y66PO3BFCHZM0SZ26G71SXV6S9","AZ0KS5UTO3EJ2","Rejected","Sun Mar 18 05:53:32 PDT 2018","Sun Mar 18 05:54:23 PDT 2018","Mon Mar 19 05:54:23 PDT 2018","","Sun Mar 18 22:43:43 PDT 2018","The test audio was transcribed instead of the reference audio.  The distinction between the two was made clearly in the directions.  I'm sorry for having to reject this work.  Feel free to try again.","51","0% (0/78)","0% (0/78)","0% (0/78)","https://clyp.it/4d3fqzm0","5","4","Men talk about basketball."
"3IZVJEBJ6AO9R9N65IO9EP9JE0VZ68","3BXXHBDE9F8DPQ70QRLE2DJQVLSELG","Listen to Russian audio and rate quality","Listen to computer-generated, Russian speech and rate the quality. You MUST know Russian to participate.","audio, listen, speech, computer, Russian","$0.10","Sat Mar 17 23:40:14 PDT 2018","42","BatchId:3157887;OriginalHitTemplateId:920937332;","600","86400","Sun Mar 25 22:43:36 PDT 2018","","","39ZSFO5CA907FP6X9GORULUUZ00UJJ","AZ0KS5UTO3EJ2","Rejected","Sun Mar 18 06:07:04 PDT 2018","Sun Mar 18 06:07:43 PDT 2018","Mon Mar 19 06:07:43 PDT 2018","","Sun Mar 18 22:43:43 PDT 2018","The test audio was transcribed instead of the reference audio.  The distinction between the two was made clearly in the directions.  I'm sorry for having to reject this work.  Feel free to try again.","39","0% (0/78)","0% (0/78)","0% (0/78)","https://clyp.it/aec5zfiu","5","5","They are Spaniards."
"3IZVJEBJ6AO9R9N65IO9EP9JE0VZ68","3BXXHBDE9F8DPQ70QRLE2DJQVLSELG","Listen to Russian audio and rate quality","Listen to computer-generated, Russian speech and rate the quality. You MUST know Russian to participate.","audio, listen, speech, computer, Russian","$0.10","Sat Mar 17 23:40:14 PDT 2018","42","BatchId:3157887;OriginalHitTemplateId:920937332;","600","86400","Sun Mar 25 22:43:36 PDT 2018","","","3JPSL1DZ5T3JJ6JKI9ZSNRZH1HEANS","A2RAIYFP76TNNQ","Approved","Sun Mar 18 06:45:48 PDT 2018","Sun Mar 18 06:46:58 PDT 2018","Mon Mar 19 06:46:58 PDT 2018","Sun Mar 18 22:41:50 PDT 2018","","","70","100% (25/25)","100% (25/25)","100% (25/25)","https://clyp.it/aec5zfiu","4","1","Я так мало наказывал  Ариель- не было примера чтобы израильское дитя пользовалось такой свободой как он"
"3IZVJEBJ6AO9R9N65IO9EP9JE0VZ68","3BXXHBDE9F8DPQ70QRLE2DJQVLSELG","Listen to Russian audio and rate quality","Listen to computer-generated, Russian speech and rate the quality. You MUST know Russian to participate.","audio, listen, speech, computer, Russian","$0.10","Sat Mar 17 23:40:14 PDT 2018","42","BatchId:3157887;OriginalHitTemplateId:920937332;","600","86400","Sun Mar 25 22:43:36 PDT 2018","","","3VHP9MDGROOVOT314ZC6LHGWZU7FCO","A3HSJESQHHK9WY","Rejected","Sun Mar 18 22:10:39 PDT 2018","Sun Mar 18 22:11:49 PDT 2018","Mon Mar 19 22:11:49 PDT 2018","","Sun Mar 18 22:43:36 PDT 2018","The test audio was transcribed instead of the reference audio.  The distinction between the two was made clearly in the directions.  I'm sorry for having to reject this work.  Feel free to try again.","70","0% (0/83)","0% (0/83)","0% (0/83)","https://clyp.it/aec5zfiu","4","3","They are Spaniards."
"373L46LKP7AQQ93RP0FO0EQBWX2KJD","3BXXHBDE9F8DPQ70QRLE2DJQVLSELG","Listen to Russian audio and rate quality","Listen to computer-generated, Russian speech and rate the quality. You MUST know Russian to participate.","audio, listen, speech, computer, Russian","$0.10","Sat Mar 17 23:40:15 PDT 2018","41","BatchId:3157887;OriginalHitTemplateId:920937332;","600","86400","Sun Mar 25 22:43:44 PDT 2018","","","3FTF2T8WLSMV1HITI4CFNF1OOBZ9W2","AZ0KS5UTO3EJ2","Rejected","Sun Mar 18 05:54:24 PDT 2018","Sun Mar 18 05:55:33 PDT 2018","Mon Mar 19 05:55:33 PDT 2018","","Sun Mar 18 22:43:43 PDT 2018","The test audio was transcribed instead of the reference audio.  The distinction between the two was made clearly in the directions.  I'm sorry for having to reject this work.  Feel free to try again.","69","0% (0/78)","0% (0/78)","0% (0/78)","https://clyp.it/za1lkcio","5","4","Do you have a book?"
"373L46LKP7AQQ93RP0FO0EQBWX2KJD","3BXXHBDE9F8DPQ70QRLE2DJQVLSELG","Listen to Russian audio and rate quality","Listen to computer-generated, Russian speech and rate the quality. You MUST know Russian to participate.","audio, listen, speech, computer, Russian","$0.10","Sat Mar 17 23:40:15 PDT 2018","41","BatchId:3157887;OriginalHitTemplateId:920937332;","600","86400","Sun Mar 25 22:43:44 PDT 2018","","","3VFJCI1K40358VOFXG8JSXFU09GRG9","A2RAIYFP76TNNQ","Approved","Sun Mar 18 06:57:58 PDT 2018","Sun Mar 18 06:59:24 PDT 2018","Mon Mar 19 06:59:24 PDT 2018","Sun Mar 18 22:41:50 PDT 2018","","","86","100% (25/25)","100% (25/25)","100% (25/25)","https://clyp.it/za1lkcio","4","1","Я так мало наказывал  Ариель- не было примера чтобы израильское дитя пользовалось такой свободой как он"
"3CKVGCS3PG9HCMFD81EK9V2PEI9S0V","3BXXHBDE9F8DPQ70QRLE2DJQVLSELG","Listen to Russian audio and rate quality","Listen to computer-generated, Russian speech and rate the quality. You MUST know Russian to participate.","audio, listen, speech, computer, Russian","$0.10","Sat Mar 17 23:40:14 PDT 2018","41","BatchId:3157887;OriginalHitTemplateId:920937332;","600","86400","Sun Mar 25 22:43:34 PDT 2018","","","3GS6S824SR1GQJMNJEVK5GW8T15NW6","A159KNKNX9RYUL","Rejected","Sun Mar 18 19:47:35 PDT 2018","Sun Mar 18 19:47:58 PDT 2018","Mon Mar 19 19:47:58 PDT 2018","","Sun Mar 18 22:43:34 PDT 2018","The test audio was transcribed instead of the reference audio.  The distinction between the two was made clearly in the directions.  I'm sorry for having to reject this work.  Feel free to try again.","23","40% (2/5)","40% (2/5)","40% (2/5)","https://clyp.it/3nu5i3tu","4","5","Я связан долгом признательности по отношению к людям, которые помогают мне в понимании."
"3CKVGCS3PG9HCMFD81EK9V2PEI9S0V","3BXXHBDE9F8DPQ70QRLE2DJQVLSELG","Listen to Russian audio and rate quality","Listen to computer-generated, Russian speech and rate the quality. You MUST know Russian to participate.","audio, listen, speech, computer, Russian","$0.10","Sat Mar 17 23:40:14 PDT 2018","41","BatchId:3157887;OriginalHitTemplateId:920937332;","600","86400","Sun Mar 25 22:43:34 PDT 2018","","","3HUTX6F6VVRCWOOS696QWYGOF332O4","A3760PCQD2MPIO","Approved","Sun Mar 18 12:13:09 PDT 2018","Sun Mar 18 12:13:37 PDT 2018","Mon Mar 19 12:13:37 PDT 2018","Sun Mar 18 22:41:51 PDT 2018","","","28","100% (2/2)","100% (2/2)","100% (2/2)","https://clyp.it/3nu5i3tu","4","2","Я так мало наказывал Ариэля. Не было примера, чтобы израильское дитя пользовалось такой свободой, как он."
"3CKVGCS3PG9HCMFD81EK9V2PEI9S0V","3BXXHBDE9F8DPQ70QRLE2DJQVLSELG","Listen to Russian audio and rate quality","Listen to computer-generated, Russian speech and rate the quality. You MUST know Russian to participate.","audio, listen, speech, computer, Russian","$0.10","Sat Mar 17 23:40:14 PDT 2018","41","BatchId:3157887;OriginalHitTemplateId:920937332;","600","86400","Sun Mar 25 22:43:34 PDT 2018","","","3RXPCZQMQQFHFQPYZMT4M6XHWBMG12","A2RAIYFP76TNNQ","Approved","Sun Mar 18 06:46:58 PDT 2018","Sun Mar 18 06:48:07 PDT 2018","Mon Mar 19 06:48:07 PDT 2018","Sun Mar 18 22:41:50 PDT 2018","","","69","100% (25/25)","100% (25/25)","100% (25/25)","https://clyp.it/3nu5i3tu","5","2","Я так мало наказывал  Ариель- не было примера чтобы израильское дитя пользовалось такой свободой как он"
"3HEM8MA6H9G8NN4KXI45TWOW420PQA","3BXXHBDE9F8DPQ70QRLE2DJQVLSELG","Listen to Russian audio and rate quality","Listen to computer-generated, Russian speech and rate the quality. You MUST know Russian to participate.","audio, listen, speech, computer, Russian","$0.10","Sat Mar 17 23:40:15 PDT 2018","41","BatchId:3157887;OriginalHitTemplateId:920937332;","600","86400","Sun Mar 25 22:43:44 PDT 2018","","","3OWEPKL08AG104LMB6N8D0XR0977NX","AZ0KS5UTO3EJ2","Rejected","Sun Mar 18 06:02:21 PDT 2018","Sun Mar 18 06:03:09 PDT 2018","Mon Mar 19 06:03:09 PDT 2018","","Sun Mar 18 22:43:43 PDT 2018","The test audio was transcribed instead of the reference audio.  The distinction between the two was made clearly in the directions.  I'm sorry for having to reject this work.  Feel free to try again.","48","0% (0/78)","0% (0/78)","0% (0/78)","https://clyp.it/xnaetvqa","5","5","Will you help me with my homework in English?"
"311HQEI8RSKSV91BOST1K39F9BFZ77","3BXXHBDE9F8DPQ70QRLE2DJQVLSELG","Listen to Russian audio and rate quality","Listen to computer-generated, Russian speech and rate the quality. You MUST know Russian to participate.","audio, listen, speech, computer, Russian","$0.10","Sat Mar 17 23:40:15 PDT 2018","41","BatchId:3157887;OriginalHitTemplateId:920937332;","600","86400","Sun Mar 25 22:43:44 PDT 2018","","","3ATTHHXXWBS31IGMW3EE2REYG3TIXO","A2RAIYFP76TNNQ","Approved","Sun Mar 18 06:52:44 PDT 2018","Sun Mar 18 06:53:55 PDT 2018","Mon Mar 19 06:53:55 PDT 2018","Sun Mar 18 22:41:51 PDT 2018","","","71","100% (25/25)","100% (25/25)","100% (25/25)","https://clyp.it/jnzwk0gh","1","1","Я так мало наказывал  Ариель- не было примера чтобы израильское дитя пользовалось такой свободой как он"
"311HQEI8RSKSV91BOST1K39F9BFZ77","3BXXHBDE9F8DPQ70QRLE2DJQVLSELG","Listen to Russian audio and rate quality","Listen to computer-generated, Russian speech and rate the quality. You MUST know Russian to participate.","audio, listen, speech, computer, Russian","$0.10","Sat Mar 17 23:40:15 PDT 2018","41","BatchId:3157887;OriginalHitTemplateId:920937332;","600","86400","Sun Mar 25 22:43:44 PDT 2018","","","3VZLGYJEYMEPW85WW7202MHOCGTXZY","AZ0KS5UTO3EJ2","Rejected","Sun Mar 18 05:42:52 PDT 2018","Sun Mar 18 05:45:30 PDT 2018","Mon Mar 19 05:45:30 PDT 2018","","Sun Mar 18 22:43:44 PDT 2018","The test audio was transcribed instead of the reference audio.  The distinction between the two was made clearly in the directions.  I'm sorry for having to reject this work.  Feel free to try again.","158","0% (0/78)","0% (0/78)","0% (0/78)","https://clyp.it/jnzwk0gh","5","2","At the kitchen knife, to which I had become accustomed for many years, the blade broke off."
"33NOQL7T9O3WVN6UYXL7Y35AKVLZ8U","3BXXHBDE9F8DPQ70QRLE2DJQVLSELG","Listen to Russian audio and rate quality","Listen to computer-generated, Russian speech and rate the quality. You MUST know Russian to participate.","audio, listen, speech, computer, Russian","$0.10","Sat Mar 17 23:40:15 PDT 2018","41","BatchId:3157887;OriginalHitTemplateId:920937332;","600","86400","Sun Mar 25 22:43:44 PDT 2018","","","3OCHAWUVGPOU7D6AW6ZQF7TB87IXKE","A2RAIYFP76TNNQ","Approved","Sun Mar 18 06:50:31 PDT 2018","Sun Mar 18 06:51:40 PDT 2018","Mon Mar 19 06:51:40 PDT 2018","Sun Mar 18 22:41:51 PDT 2018","","","69","100% (25/25)","100% (25/25)","100% (25/25)","https://clyp.it/a5ofklgw","2","1","Я так мало наказывал  Ариель- не было примера чтобы израильское дитя пользовалось такой свободой как он"
"33NOQL7T9O3WVN6UYXL7Y35AKVLZ8U","3BXXHBDE9F8DPQ70QRLE2DJQVLSELG","Listen to Russian audio and rate quality","Listen to computer-generated, Russian speech and rate the quality. You MUST know Russian to participate.","audio, listen, speech, computer, Russian","$0.10","Sat Mar 17 23:40:15 PDT 2018","41","BatchId:3157887;OriginalHitTemplateId:920937332;","600","86400","Sun Mar 25 22:43:44 PDT 2018","","","3WMOAN2SRC13BUMIT4QOJEDUMREVND","AZ0KS5UTO3EJ2","Rejected","Sun Mar 18 06:16:54 PDT 2018","Sun Mar 18 06:17:40 PDT 2018","Mon Mar 19 06:17:40 PDT 2018","","Sun Mar 18 22:43:44 PDT 2018","The test audio was transcribed instead of the reference audio.  The distinction between the two was made clearly in the directions.  I'm sorry for having to reject this work.  Feel free to try again.","46","0% (0/78)","0% (0/78)","0% (0/78)","https://clyp.it/a5ofklgw","5","5","Do you like pianoforte?"
"3PUOXASB577W9SP43PRLYZ0L413Z9J","3BXXHBDE9F8DPQ70QRLE2DJQVLSELG","Listen to Russian audio and rate quality","Listen to computer-generated, Russian speech and rate the quality. You MUST know Russian to participate.","audio, listen, speech, computer, Russian","$0.10","Sat Mar 17 23:40:15 PDT 2018","42","BatchId:3157887;OriginalHitTemplateId:920937332;","600","86400","Sun Mar 25 22:43:35 PDT 2018","","","3LS2AMNW5GUTO7QD8KWRSGERV94QOT","AZ0KS5UTO3EJ2","Rejected","Sun Mar 18 06:14:38 PDT 2018","Sun Mar 18 06:15:45 PDT 2018","Mon Mar 19 06:15:45 PDT 2018","","Sun Mar 18 22:43:44 PDT 2018","The test audio was transcribed instead of the reference audio.  The distinction between the two was made clearly in the directions.  I'm sorry for having to reject this work.  Feel free to try again.","67","0% (0/78)","0% (0/78)","0% (0/78)","https://clyp.it/2olobdap","5","4","Looks like"
"3PUOXASB577W9SP43PRLYZ0L413Z9J","3BXXHBDE9F8DPQ70QRLE2DJQVLSELG","Listen to Russian audio and rate quality","Listen to computer-generated, Russian speech and rate the quality. You MUST know Russian to participate.","audio, listen, speech, computer, Russian","$0.10","Sat Mar 17 23:40:15 PDT 2018","42","BatchId:3157887;OriginalHitTemplateId:920937332;","600","86400","Sun Mar 25 22:43:35 PDT 2018","","","3VHHR074H4LBC4I1ZT7T08T2VE87LW","A2RAIYFP76TNNQ","Approved","Sun Mar 18 06:41:28 PDT 2018","Sun Mar 18 06:42:02 PDT 2018","Mon Mar 19 06:42:02 PDT 2018","Sun Mar 18 22:41:51 PDT 2018","","","34","100% (25/25)","100% (25/25)","100% (25/25)","https://clyp.it/2olobdap","2","1","Я так мало наказывал  Ариель- не было примера чтобы израильское дитя пользовалось такой свободой как он"
"3PUOXASB577W9SP43PRLYZ0L413Z9J","3BXXHBDE9F8DPQ70QRLE2DJQVLSELG","Listen to Russian audio and rate quality","Listen to computer-generated, Russian speech and rate the quality. You MUST know Russian to participate.","audio, listen, speech, computer, Russian","$0.10","Sat Mar 17 23:40:15 PDT 2018","42","BatchId:3157887;OriginalHitTemplateId:920937332;","600","86400","Sun Mar 25 22:43:35 PDT 2018","","","3YW4XOSQKRP0K8QTJRILQLY85KRU18","A36JHK3Q29Q1YM","Rejected","Sun Mar 18 20:50:55 PDT 2018","Sun Mar 18 20:51:51 PDT 2018","Mon Mar 19 20:51:51 PDT 2018","","Sun Mar 18 22:43:35 PDT 2018","The test audio was transcribed instead of the reference audio.  The distinction between the two was made clearly in the directions.  I'm sorry for having to reject this work.  Feel free to try again.","56","0% (0/5)","0% (0/5)","0% (0/5)","https://clyp.it/2olobdap","5","2","Похоже"
"3L84EBDQ376L1T997LF01TQOBM2KKC","3BXXHBDE9F8DPQ70QRLE2DJQVLSELG","Listen to Russian audio and rate quality","Listen to computer-generated, Russian speech and rate the quality. You MUST know Russian to participate.","audio, listen, speech, computer, Russian","$0.10","Sat Mar 17 23:40:15 PDT 2018","41","BatchId:3157887;OriginalHitTemplateId:920937332;","600","86400","Sun Mar 25 22:43:45 PDT 2018","","","33L7PJKHCH23VVVPI71Q0ZZE0BZT87","AZ0KS5UTO3EJ2","Rejected","Sun Mar 18 06:18:23 PDT 2018","Sun Mar 18 06:19:01 PDT 2018","Mon Mar 19 06:19:01 PDT 2018","","Sun Mar 18 22:43:44 PDT 2018","The test audio was transcribed instead of the reference audio.  The distinction between the two was made clearly in the directions.  I'm sorry for having to reject this work.  Feel free to try again.","38","0% (0/78)","0% (0/78)","0% (0/78)","https://clyp.it/0sw2de0d","5","4","It is pointless."
"307L9TDWJYWGD1M5JSFHCZQQUVLN39","3BXXHBDE9F8DPQ70QRLE2DJQVLSELG","Listen to Russian audio and rate quality","Listen to computer-generated, Russian speech and rate the quality. You MUST know Russian to participate.","audio, listen, speech, computer, Russian","$0.10","Sat Mar 17 23:40:15 PDT 2018","41","BatchId:3157887;OriginalHitTemplateId:920937332;","600","86400","Sun Mar 25 22:43:45 PDT 2018","","","39JEC7537V5KKQPR4EHA33JINN0CVC","AZ0KS5UTO3EJ2","Rejected","Sun Mar 18 06:01:02 PDT 2018","Sun Mar 18 06:01:37 PDT 2018","Mon Mar 19 06:01:37 PDT 2018","","Sun Mar 18 22:43:45 PDT 2018","The test audio was transcribed instead of the reference audio.  The distinction between the two was made clearly in the directions.  I'm sorry for having to reject this work.  Feel free to try again.","35","0% (0/78)","0% (0/78)","0% (0/78)","https://clyp.it/20yebf4p","5","4","Come on!"
"307L9TDWJYWGD1M5JSFHCZQQUVLN39","3BXXHBDE9F8DPQ70QRLE2DJQVLSELG","Listen to Russian audio and rate quality","Listen to computer-generated, Russian speech and rate the quality. You MUST know Russian to participate.","audio, listen, speech, computer, Russian","$0.10","Sat Mar 17 23:40:15 PDT 2018","41","BatchId:3157887;OriginalHitTemplateId:920937332;","600","86400","Sun Mar 25 22:43:45 PDT 2018","","","3QFUFYSY9ZJSTPQMBK6O2J487G3F4M","A2RAIYFP76TNNQ","Approved","Sun Mar 18 09:28:03 PDT 2018","Sun Mar 18 09:29:10 PDT 2018","Mon Mar 19 09:29:10 PDT 2018","Sun Mar 18 22:41:51 PDT 2018","","","67","100% (25/25)","100% (25/25)","100% (25/25)","https://clyp.it/20yebf4p","4","2","Я так мало наказывал  Ариель- не было примера чтобы израильское дитя пользовалось такой свободой как он"
"3B6F54KMR2GHJB0V4KIKN0LZJAFS1Y","3BXXHBDE9F8DPQ70QRLE2DJQVLSELG","Listen to Russian audio and rate quality","Listen to computer-generated, Russian speech and rate the quality. You MUST know Russian to participate.","audio, listen, speech, computer, Russian","$0.10","Sat Mar 17 23:40:15 PDT 2018","41","BatchId:3157887;OriginalHitTemplateId:920937332;","600","86400","Sun Mar 25 22:43:45 PDT 2018","","","3N2BF7Y2VRYSBB6YCEUKRYXL9MWHMC","A2RAIYFP76TNNQ","Approved","Sun Mar 18 07:08:22 PDT 2018","Sun Mar 18 07:09:31 PDT 2018","Mon Mar 19 07:09:31 PDT 2018","Sun Mar 18 22:41:51 PDT 2018","","","69","100% (25/25)","100% (25/25)","100% (25/25)","https://clyp.it/mnhs2usm","2","1","Я так мало наказывал  Ариель- не было примера чтобы израильское дитя пользовалось такой свободой как он"
"3B6F54KMR2GHJB0V4KIKN0LZJAFS1Y","3BXXHBDE9F8DPQ70QRLE2DJQVLSELG","Listen to Russian audio and rate quality","Listen to computer-generated, Russian speech and rate the quality. You MUST know Russian to participate.","audio, listen, speech, computer, Russian","$0.10","Sat Mar 17 23:40:15 PDT 2018","41","BatchId:3157887;OriginalHitTemplateId:920937332;","600","86400","Sun Mar 25 22:43:45 PDT 2018","","","3OB0CAO74ITS5SVCVHIVLTKSIW7HYZ","AZ0KS5UTO3EJ2","Rejected","Sun Mar 18 06:07:44 PDT 2018","Sun Mar 18 06:08:27 PDT 2018","Mon Mar 19 06:08:27 PDT 2018","","Sun Mar 18 22:43:45 PDT 2018","The test audio was transcribed instead of the reference audio.  The distinction between the two was made clearly in the directions.  I'm sorry for having to reject this work.  Feel free to try again.","43","0% (0/78)","0% (0/78)","0% (0/78)","https://clyp.it/mnhs2usm","5","4","He traveled all over the world."